State,Fraction,RepNum,Motif
'10',0.4841390400140444,1,TSSA
'01',0.472565316944457,1,TSSA
'00',0.04290019374113154,1,TSSA
'11',0.00039544930036701417,1,TSSA
'10',0.4870502601574783,2,TSSA
'01',0.4680735379005635,2,TSSA
'00',0.044183195771041406,2,TSSA
'11',0.0006930061709167744,2,TSSA
'10',0.49510895426209117,3,TSSA
'01',0.45767396218045053,3,TSSA
'00',0.04713200448496833,3,TSSA
'11',8.507907248997219e-05,3,TSSA
